model_family,frontier_momentum_heuristic_index,current_rank,performance_component,release_velocity_component,ecosystem_component,capability_surface_component,cost_efficiency_component,openness_component,frontier_quality_10y_probability,open_ecosystem_10y_probability,audit_note,analysis_captured_at
GPT,78.25,1,69.24870466321244,100.0,87.16569110977059,73.89415245384569,91.70461784187513,41.44153876556222,0.5866666666666667,0.297,Strongest current composite and release velocity; remains top frontier-quality prior in this dataset.,2026-05-16T17:13:09+00:00
Qwen,78.05,2,74.61168294469033,86.78879310344828,80.9258860694906,53.14203439455029,94.62466043063358,97.91666666666666,0.41333333333333333,0.7028333333333333,"Strong open ecosystem and good performance; credible upside, especially under open-distribution scenarios.",2026-05-16T17:13:09+00:00
Claude,54.1,4,69.98176620959673,35.84051724137932,57.78624405807851,49.84053457331723,36.120932585783535,55.0,0.0,0.0,Strong benchmark/coding signal but lower release breadth and ecosystem pull in this snapshot.,2026-05-16T17:13:09+00:00
Gemini,51.13,7,64.56022384009668,49.90301724137932,35.36137990555621,48.343051513326884,80.96757118323632,0.0,0.0,0.0,Strong benchmark breadth and ecosystem signal; weaker openness/cost signal.,2026-05-16T17:13:09+00:00
Mistral,54.97,3,45.79252584577523,35.775862068965516,70.6138038135862,26.116926424877416,100.0,95.1063829787234,0.0,0.0,"Strong openness/cost, but current performance and release-velocity signals are below GPT/Qwen/Claude/Gemini; should not be called raw frontier leader from this dataset.",2026-05-16T17:13:09+00:00
DeepSeek,53.67,5,33.76315256369249,32.963362068965516,78.0039808219095,46.10487202254648,85.89234842315102,92.27043673012318,0.0,0.0,Interpret with caution; public signals are incomplete and component-dependent.,2026-05-16T17:13:09+00:00
Llama,53.67,5,36.74695603556637,2.8125,81.34385788352981,56.91539264031576,100.0,91.60702772404899,0.0,0.00016666666666666666,Interpret with caution; public signals are incomplete and component-dependent.,2026-05-16T17:13:09+00:00
Grok,28.4,10,37.58927195032708,23.48060344827586,27.388980215879798,48.1583000374535,0.0,1.8421052631578947,0.0,0.0,Interpret with caution; public signals are incomplete and component-dependent.,2026-05-16T17:13:09+00:00
